{
    "data": "HELLO WORLD",
    "funnyNumber": 1337,
    "floaty": 42.41999816894531,
    "position": {
        "x": 5.829999923706055,
        "y": -0.2800000011920929,
        "z": 12.430000305175782
    }
}